Studente,C1,C2,C3,C4,C5,C6,C7
N86005288,0,0,0,0,1,0,0
N86005249,0,0,0,0,0,1,0
N86005045,0,0,0,0,1,0,0
N86002826,0,0,0,0,1,1,0
N86005068,0,0,0,0,0,1,0
N86005069,0,1,0,0,0,0,1
N86004681,0,1,0,1,1,1,0
N86005248,0,0,0,0,1,0,0
N86005023,0,1,0,0,0,1,0
N86005074,0,1,0,1,1,1,1
N86005150,0,1,0,1,1,0,0
N86005082,0,1,1,0,0,0,0
N86005131,0,1,0,1,0,0,0
N86004982,0,1,0,0,1,1,0
N86005189,0,0,0,0,1,0,0
N86005062,0,0,0,0,1,1,0
N86005409,0,1,0,0,1,0,1
N86005351,0,0,0,0,0,1,0
N86005016,0,1,0,0,1,0,0
N86005059,1,1,1,1,1,1,1
N86005193,0,1,0,0,1,1,0
N86004562,0,0,0,0,1,0,0
N86005149,0,1,0,1,1,0,1
N86004962,0,1,1,0,1,1,0
N86005387,0,1,0,0,1,1,0
N86005112,0,0,1,0,0,1,0
N86005123,0,0,0,0,1,0,0
N86005076,0,1,1,0,1,0,0
N86005085,0,1,0,1,1,0,1
N86005143,0,0,0,0,1,1,0
N86005138,0,0,0,0,0,1,0
N86005374,0,1,0,0,1,0,0
N86005118,0,1,0,1,0,0,0
N86005309,0,1,0,1,0,0,0
N86005322,0,0,0,0,1,1,0
